epoch_ms,formatted_date_IST
1743445800000,01/04/2025
1648751400000,01/04/2022
1554076800000,01/04/2019
1617215400000,01/04/2021
1743445800000,01/04/2025
1585699200000,01/04/2020
1680287400000,01/04/2023
1711909800000,01/04/2024
1743445800000,01/04/2025
1711909800000,01/04/2024
1743445800000,01/04/2025
1554076800000,01/04/2019
1617215400000,01/04/2021
1585699200000,01/04/2020
1648751400000,01/04/2022
1680287400000,01/04/2023
1743445800000,01/04/2025
1711909800000,01/04/2024
1743445800000,01/04/2025
1680287400000,01/04/2023
1711909800000,01/04/2024
1743445800000,01/04/2025
1711909800000,01/04/2024
1680287400000,01/04/2023
1743445800000,01/04/2025
1743445800000,01/04/2025
1680287400000,01/04/2023
1711909800000,01/04/2024
1680287400000,01/04/2023
1743445800000,01/04/2025
1711909800000,01/04/2024
1711909800000,01/04/2024
1680287400000,01/04/2023
1743445800000,01/04/2025
1743445800000,01/04/2025
1743445800000,01/04/2025
1680287400000,01/04/2023
1711909800000,01/04/2024
1743445800000,01/04/2025
1680287400000,01/04/2023
1743445800000,01/04/2025
1711909800000,01/04/2024
1459468800000,01/04/2016
1680287400000,01/04/2023
1711909800000,01/04/2024
1396310400000,01/04/2014
1743445800000,01/04/2025
1554076800000,01/04/2019
1522540800000,01/04/2018
1585699200000,01/04/2020
1617215400000,01/04/2021
1491004800000,01/04/2017
1648751400000,01/04/2022
1427846400000,01/04/2015
1711909800000,01/04/2024
1680287400000,01/04/2023
1617215400000,01/04/2021
1522540800000,01/04/2018
1743445800000,01/04/2025
1554076800000,01/04/2019
1648751400000,01/04/2022
1617215400000,01/04/2021
1396310400000,01/04/2014
1459468800000,01/04/2016
1554076800000,01/04/2019
1585699200000,01/04/2020
1711909800000,01/04/2024
1743445800000,01/04/2025
1680287400000,01/04/2023
1648751400000,01/04/2022
1427846400000,01/04/2015
1491004800000,01/04/2017
1522540800000,01/04/2018
1617215400000,01/04/2021
1743445800000,01/04/2025
1585699200000,01/04/2020
1648751400000,01/04/2022
1680287400000,01/04/2023
1711909800000,01/04/2024
1743445800000,01/04/2025
